价格,销量,店名
14,90,一点点
11,65,一点点
14,27,一点点
15,34,一点点
17,15,一点点
11,33,一点点
14,380,一点点
11,252,一点点
14,228,一点点
11,183,一点点
11,86,一点点
14,132,一点点
24,19,一点点
19,18,一点点
19,25,一点点
15,41,一点点
19,2,一点点
24,2,一点点
14,18,一点点
18,22,一点点
14,4,一点点
18,9,一点点
13,9,一点点
16,8,一点点
14,60,一点点
14,11,一点点
18,20,一点点
8,11,一点点
10,13,一点点
8,11,一点点
10,15,一点点
8,16,一点点
10,37,一点点
8,15,一点点
10,15,一点点
13,14,一点点
16,16,一点点
13,8,一点点
16,8,一点点
13,2,一点点
16,0,一点点
13,13,一点点
16,17,一点点
14,9,一点点
18,13,一点点
18,3,一点点
11,16,一点点
14,22,一点点
11,35,一点点
14,50,一点点
12,14,一点点
15,18,一点点
14,17,一点点
14,46,一点点
16,5,一点点
13,13,一点点
16,16,一点点
13,13,一点点
16,30,一点点
14,65,一点点
18,33,一点点
14,10,一点点
18,15,一点点
15,15,一点点
19,16,一点点
12,24,一点点
15,34,一点点
11,45,一点点
14,70,一点点
8,4,一点点
10,1,一点点
8,3,一点点
10,5,一点点
11,16,一点点
14,14,一点点
11,6,一点点
14,3,一点点
11,6,一点点
14,17,一点点
11,2,一点点
14,7,一点点
11,12,一点点
14,15,一点点
15,8,一点点
22,9,一点点
12,6,一点点
15,4,一点点
14,8,一点点
18,11,一点点
14,27,一点点
18,14,一点点
14,5,一点点
18,8,一点点
14,26,一点点
18,7,一点点
14,10,一点点
18,9,一点点
15,5,一点点
19,2,一点点
16,6,一点点
20,12,一点点
17,15,一点点
22,4,一点点
17,6,一点点
22,3,一点点
17,5,一点点
22,7,一点点
13,9,一点点
16,1,一点点
13,16,一点点
16,8,一点点
14,4,一点点
18,8,一点点
16,18,一点点
20,11,一点点
13,2,一点点
16,2,一点点
12,25,COCO
15,9,COCO
20,1,COCO
13,10,COCO
15,9,COCO
16,8,COCO
16,52,COCO
16,68,COCO
13,17,COCO
15,11,COCO
12,7,COCO
14,29,COCO
13,16,COCO
15,22,COCO
11,23,COCO
16,19,COCO
12,9,COCO
14,8,COCO
15,9,COCO
14,0,COCO
16,5,COCO
14,7,COCO
10,82,COCO
12,122,COCO
11,21,COCO
13,178,COCO
10,4,COCO
12,13,COCO
16,45,COCO
11,25,COCO
10,19,COCO
12,16,COCO
10,27,COCO
12,27,COCO
10,28,COCO
12,28,COCO
10,9,COCO
12,11,COCO
9,15,COCO
11,55,COCO
9,25,COCO
11,34,COCO
9,7,COCO
11,10,COCO
9,13,COCO
11,20,COCO
13,19,COCO
15,28,COCO
16,4,COCO
18,15,COCO
9,51,COCO
7,12,COCO
13,6,COCO
18,15,COCO
18,9,COCO
20,3,COCO
20,5,COCO
17,4,COCO
16,183,COCO
12,16,COCO
14,19,COCO
14,22,COCO
11,15,COCO
11,5,COCO
13,76,COCO
16,20,COCO
15,29,COCO
16,69,小眷村
19,98,小眷村
13,49,小眷村
16,37,小眷村
27,260,小眷村
21,97,小眷村
24,149,小眷村
17,165,小眷村
21,241,小眷村
20,111,小眷村
26,81,小眷村
20,44,小眷村
13,552,小眷村
15,1213,小眷村
10,762,小眷村
12,1857,小眷村
14,90,小眷村
17,203,小眷村
13,165,小眷村
15,283,小眷村
13,81,小眷村
13,203,小眷村
11,135,小眷村
13,284,小眷村
13,48,小眷村
16,56,小眷村
15,43,小眷村
14,112,小眷村
17,154,小眷村
23,110,小眷村
12,39,小眷村
14,67,小眷村
10,19,小眷村
12,28,小眷村
8,25,小眷村
10,50,小眷村
15,110,小眷村
16,78,小眷村
16,53,小眷村
18,59,小眷村
14,35,小眷村
17,45,小眷村
20,44,小眷村
18,34,小眷村
20,38,小眷村
19,22,小眷村
21,35,小眷村
19,108,小眷村
21,46,小眷村
19,14,小眷村
23,15,小眷村
14,26,小眷村
16,32,小眷村
21,415,小眷村
16,119,小眷村
18,511,小眷村
18,35,小眷村
20,163,小眷村
19,89,小眷村
17,10,小眷村
19,15,小眷村
19,2,小眷村
21,4,小眷村
19,14,小眷村
21,7,小眷村
33,96,喜茶甲
21,404,喜茶甲
26,11,喜茶甲
25,237,喜茶甲
25,37,喜茶甲
29,267,喜茶甲
27,372,喜茶甲
32,221,喜茶甲
21,74,喜茶甲
25,91,喜茶甲
25,37,喜茶甲
32,41,喜茶甲
31,27,喜茶甲
22,51,喜茶甲
27,41,喜茶甲
21,36,喜茶甲
27,162,喜茶甲
28,37,喜茶甲
29,47,喜茶甲
21,67,喜茶甲
22,36,喜茶甲
26,26,喜茶甲
25,41,喜茶甲
29,64,喜茶甲
29,779,喜茶甲
27,40,喜茶甲
29,119,喜茶甲
32,51,喜茶甲
31,49,喜茶甲
32,32,喜茶甲
25,34,喜茶甲
22,0,喜茶甲
29,61,喜茶甲
22,34,喜茶甲
21,151,喜茶甲
22,255,喜茶甲
27,42,喜茶甲
28,22,喜茶甲
26,32,喜茶甲
29,20,喜茶甲
16,2,喜茶甲
13,22,喜茶甲
16,36,喜茶甲
22,19,喜茶甲
33,80,喜茶乙
21,226,喜茶乙
28,268,喜茶乙
26,350,喜茶乙
25,124,喜茶乙
25,36,喜茶乙
29,795,喜茶乙
27,325,喜茶乙
32,254,喜茶乙
21,235,喜茶乙
25,84,喜茶乙
25,34,喜茶乙
32,85,喜茶乙
31,39,喜茶乙
22,45,喜茶乙
27,40,喜茶乙
21,56,喜茶乙
28,64,喜茶乙
28,65,喜茶乙
27,43,喜茶乙
28,30,喜茶乙
29,12,喜茶乙
21,24,喜茶乙
22,22,喜茶乙
26,18,喜茶乙
25,32,喜茶乙
29,32,喜茶乙
29,121,喜茶乙
27,52,喜茶乙
29,42,喜茶乙
32,41,喜茶乙
31,45,喜茶乙
27,11,喜茶乙
32,7,喜茶乙
25,28,喜茶乙
25,27,喜茶乙
23,65,喜茶乙
22,12,喜茶乙
19,14,喜茶乙
22,19,喜茶乙
22,14,喜茶乙
28,52,喜茶乙
21,33,喜茶乙
22,55,喜茶乙
27,21,喜茶乙
28,21,喜茶乙
26,23,喜茶乙
29,13,喜茶乙
9,4,喜茶乙
16,10,喜茶乙
13,17,喜茶乙
16,9,喜茶乙
16,3,喜茶乙
22,7,喜茶乙
29,13,乐乐茶
35,28,乐乐茶
35,15,乐乐茶
25,487,乐乐茶
27,423,乐乐茶
28,339,乐乐茶
22,233,乐乐茶
22,175,乐乐茶
21,501,乐乐茶
21,175,乐乐茶
28,26,乐乐茶
33,369,乐乐茶
29,370,乐乐茶
29,243,乐乐茶
29,246,乐乐茶
23,233,乐乐茶
25,1041,乐乐茶
25,307,乐乐茶
19,342,乐乐茶
22,95,乐乐茶
16,111,乐乐茶
25,189,乐乐茶
25,360,乐乐茶
25,341,乐乐茶
25,23,奈雪的茶
29,13,奈雪的茶
32,171,奈雪的茶
33,21,奈雪的茶
23,101,奈雪的茶
22,371,奈雪的茶
29,49,奈雪的茶
29,78,奈雪的茶
30,61,奈雪的茶
28,209,奈雪的茶
25,49,奈雪的茶
29,30,奈雪的茶
25,141,奈雪的茶
23,48,奈雪的茶
17,20,奈雪的茶
25,114,奈雪的茶
27,228,奈雪的茶
26,171,奈雪的茶
25,124,奈雪的茶
21,291,奈雪的茶
19,29,奈雪的茶
25,3,奈雪的茶
23,16,奈雪的茶
32,6,奈雪的茶
25,2,奈雪的茶
25,6,奈雪的茶
22,3,奈雪的茶
19,3,奈雪的茶
22,20,奈雪的茶
26,6,奈雪的茶
21,3,奈雪的茶
22,34,奈雪的茶
16,20,奈雪的茶
22,9,奈雪的茶
16,14,奈雪的茶
21,11,奈雪的茶
15,27,奈雪的茶
19,12,奈雪的茶
13,12,奈雪的茶
32,17,奈雪的茶
23,71,奈雪的茶
18,38,奈雪的茶
22,6,奈雪的茶
22,6,奈雪的茶
16,10,COCO&LUCKY
18,25,COCO&LUCKY
19,28,COCO&LUCKY
14,2,COCO&LUCKY
17,10,COCO&LUCKY
22,32,COCO&LUCKY
21,20,COCO&LUCKY
20,19,COCO&LUCKY
19,52,COCO&LUCKY
20,24,COCO&LUCKY
22,8,COCO&LUCKY
22,148,COCO&LUCKY
22,5,COCO&LUCKY
23,14,COCO&LUCKY
25,23,COCO&LUCKY
20,8,COCO&LUCKY
21,1,COCO&LUCKY
25,2,COCO&LUCKY
22,0,COCO&LUCKY
21,23,COCO&LUCKY
25,68,COCO&LUCKY
20,4,COCO&LUCKY
19,9,COCO&LUCKY
16,23,COCO&LUCKY
16,6,COCO&LUCKY
16,49,COCO&LUCKY
16,206,COCO&LUCKY
16,217,COCO&LUCKY
15,708,COCO&LUCKY
13,167,COCO&LUCKY
9,132,COCO&LUCKY
13,162,COCO&LUCKY
17,77,COCO&LUCKY
14,103,COCO&LUCKY
14,562,COCO&LUCKY
11,1738,COCO&LUCKY
18,16,COCO&LUCKY
9,1854,COCO&LUCKY
10,667,COCO&LUCKY
9,666,COCO&LUCKY
25,33,COCO&LUCKY
9,502,COCO&LUCKY
9,115,COCO&LUCKY
9,126,COCO&LUCKY
22,10,COCO&LUCKY
9,74,COCO&LUCKY
9,68,COCO&LUCKY
9,37,COCO&LUCKY
9,15,COCO&LUCKY
10,16,COCO&LUCKY
10,108,COCO&LUCKY
10,5,COCO&LUCKY
29,14,COCO&LUCKY
29,2,COCO&LUCKY
21,37,COCO&LUCKY
22,11,COCO&LUCKY
20,17,COCO&LUCKY
22,20,COCO&LUCKY
25,21,COCO&LUCKY
23,39,COCO&LUCKY
22,9,COCO&LUCKY
17,55,COCO&LUCKY
18,35,COCO&LUCKY
19,34,COCO&LUCKY
19,190,COCO&LUCKY
17,34,COCO&LUCKY
15,46,COCO&LUCKY
15,53,COCO&LUCKY
13,26,COCO&LUCKY
15,12,COCO&LUCKY
15,83,COCO&LUCKY
24,8,COCO&LUCKY
19,27,COCO&LUCKY
19,18,COCO&LUCKY
15,33,COCO&LUCKY
12,634,COCO&LUCKY
12,146,COCO&LUCKY
13,61,COCO&LUCKY
17,38,COCO&LUCKY
15,101,COCO&LUCKY
11,158,COCO&LUCKY
11,24,COCO&LUCKY
11,31,COCO&LUCKY
17,30,COCO&LUCKY
11,45,COCO&LUCKY
8,32,COCO&LUCKY
10,31,COCO&LUCKY
14,28,COCO&LUCKY
11,22,COCO&LUCKY
9,27,COCO&LUCKY
17,10,COCO&LUCKY
9,32,COCO&LUCKY
11,22,COCO&LUCKY
7,20,COCO&LUCKY
10,39,COCO&LUCKY
11,8,COCO&LUCKY
26,13,COCO&LUCKY
17,13,COCO&LUCKY
25,21,COCO&LUCKY
15,23,COCO&LUCKY
14,40,COCO&LUCKY
12,52,COCO&LUCKY
11,30,COCO&LUCKY
11,29,COCO&LUCKY
11,43,COCO&LUCKY
11,65,COCO&LUCKY
11,22,COCO&LUCKY
23,5,COCO&LUCKY
13,83,COCO&LUCKY
14,46,COCO&LUCKY
15,141,COCO&LUCKY
15,134,COCO&LUCKY
15,47,COCO&LUCKY
13,54,COCO&LUCKY
12,11,COCO&LUCKY
12,27,COCO&LUCKY
10,16,COCO&LUCKY
10,8,COCO&LUCKY
13,3,COCO&LUCKY
10,14,COCO&LUCKY
11,6,COCO&LUCKY
10,73,COCO&LUCKY
12,39,COCO&LUCKY
12,21,COCO&LUCKY
15,379,COCO&LUCKY
10,57,COCO&LUCKY
11,67,COCO&LUCKY
15,182,COCO&LUCKY
10,34,COCO&LUCKY
11,15,COCO&LUCKY
15,66,COCO&LUCKY
10,24,COCO&LUCKY
10,15,COCO&LUCKY
12,16,COCO&LUCKY
10,6,COCO&LUCKY
24,2,COCO&LUCKY
18,70,COCO&LUCKY
22,11,COCO&LUCKY
20,13,COCO&LUCKY
17,13,COCO&LUCKY
17,15,COCO&LUCKY
21,23,COCO&LUCKY
19,10,COCO&LUCKY
20,24,COCO&LUCKY
20,13,COCO&LUCKY
18,21,COCO&LUCKY
12,27,COCO&LUCKY
12,42,COCO&LUCKY
12,38,COCO&LUCKY
13,46,COCO&LUCKY
12,27,COCO&LUCKY
12,38,COCO&LUCKY
14,12,COCO&LUCKY
14,20,COCO&LUCKY
19,19,COCO&LUCKY
12,162,COCO&LUCKY
12,111,COCO&LUCKY
10,41,COCO&LUCKY
12,23,COCO&LUCKY
10,19,COCO&LUCKY
10,15,COCO&LUCKY
11,17,COCO&LUCKY
10,13,COCO&LUCKY
10,6,COCO&LUCKY
10,7,COCO&LUCKY
10,3,COCO&LUCKY
18,1,桂源铺甲
17,8,桂源铺甲
21,45,桂源铺甲
18,11,桂源铺甲
15,4,桂源铺甲
16,36,桂源铺甲
16,62,桂源铺甲
18,7,桂源铺甲
15,1,桂源铺甲
19,0,桂源铺甲
7,2,桂源铺甲
19,0,桂源铺甲
18,0,桂源铺甲
12,1,桂源铺甲
14,0,桂源铺甲
16,6,桂源铺甲
19,5,桂源铺甲
16,29,桂源铺甲
15,19,桂源铺甲
12,6,桂源铺甲
13,9,桂源铺甲
16,26,桂源铺甲
16,20,桂源铺甲
13,4,桂源铺甲
16,0,桂源铺甲
16,1,桂源铺甲
14,0,桂源铺甲
14,2,桂源铺甲
11,4,桂源铺甲
11,1,桂源铺甲
9,4,桂源铺甲
9,1,桂源铺甲
17,2,桂源铺甲
23,2,桂源铺甲
19,3,桂源铺甲
20,1,桂源铺甲
19,3,桂源铺甲
17,5,桂源铺甲
22,0,桂源铺甲
19,5,桂源铺甲
21,173,桂源铺乙
18,33,桂源铺乙
16,62,桂源铺乙
15,8,桂源铺乙
15,9,桂源铺乙
19,0,桂源铺乙
14,1,桂源铺乙
19,0,桂源铺乙
18,1,桂源铺乙
12,0,桂源铺乙
14,0,桂源铺乙
16,20,桂源铺乙
16,67,桂源铺乙
15,68,桂源铺乙
12,26,桂源铺乙
16,30,桂源铺乙
13,39,桂源铺乙
13,20,桂源铺乙
16,47,桂源铺乙
16,7,桂源铺乙
16,2,桂源铺乙
14,0,桂源铺乙
14,3,桂源铺乙
11,9,桂源铺乙
11,3,桂源铺乙
9,6,桂源铺乙
9,7,桂源铺乙
17,16,桂源铺乙
17,20,桂源铺乙
22,14,桂源铺乙
20,10,桂源铺乙
19,79,桂源铺乙
19,17,桂源铺乙
11,25,85°C
11,1,85°C
11,1,85°C
11,5,85°C
11,14,85°C
11,1,85°C
14,16,85°C
14,3,85°C
11,0,85°C
11,3,85°C
11,9,85°C
11,9,85°C
11,5,85°C
11,11,85°C
11,6,85°C
11,12,85°C
15,11,85°C
8,4,85°C
8,2,85°C
13,4,85°C
13,4,85°C
15,10,85°C
15,2,85°C
15,85,85°C
15,0,85°C
18,2,85°C
18,12,85°C
14,0,85°C
14,16,85°C
19,1,阿姨奶茶
19,1,阿姨奶茶
19,0,阿姨奶茶
17,0,阿姨奶茶
19,0,阿姨奶茶
15,2,阿姨奶茶
17,1,阿姨奶茶
15,2,阿姨奶茶
17,0,阿姨奶茶
17,2,阿姨奶茶
15,1,阿姨奶茶
15,0,阿姨奶茶
5,3,阿姨奶茶
17,6,阿姨奶茶
15,6,阿姨奶茶
17,2,阿姨奶茶
15,0,阿姨奶茶
17,8,阿姨奶茶
17,1,阿姨奶茶
10,0,阿姨奶茶
15,1,阿姨奶茶
15,0,阿姨奶茶
15,0,阿姨奶茶
17,0,阿姨奶茶
17,0,阿姨奶茶
10,1,阿姨奶茶
15,0,阿姨奶茶
17,1,阿姨奶茶
17,21,阿姨奶茶
15,0,阿姨奶茶
15,1,阿姨奶茶
15,0,阿姨奶茶
15,0,阿姨奶茶
15,0,阿姨奶茶
17,0,阿姨奶茶
17,8,阿姨奶茶
17,1,阿姨奶茶
15,0,阿姨奶茶
17,0,阿姨奶茶
15,1,阿姨奶茶
15,0,阿姨奶茶
17,5,阿姨奶茶
17,3,阿姨奶茶
17,0,阿姨奶茶
17,1,阿姨奶茶
19,2,阿姨奶茶
19,0,阿姨奶茶
17,0,阿姨奶茶
17,0,阿姨奶茶
17,0,阿姨奶茶
10,2,阿姨奶茶
27,0,阿姨奶茶
10,0,阿姨奶茶
27,1,阿姨奶茶
27,1,阿姨奶茶
27,0,阿姨奶茶
18,3251,和气桃桃
17,1136,和气桃桃
18,501,和气桃桃
18,883,和气桃桃
20,356,和气桃桃
21,62,和气桃桃
21,43,和气桃桃
19,19,和气桃桃
19,86,和气桃桃
21,23,和气桃桃
20,49,和气桃桃
22,181,和气桃桃
18,111,和气桃桃
21,33,和气桃桃
16,73,和气桃桃
23,80,和气桃桃
16,54,和气桃桃
13,86,和气桃桃
14,67,和气桃桃
25,72,和气桃桃
18,117,和气桃桃
24,45,和气桃桃
21,59,和气桃桃
23,582,伏见桃山
26,352,伏见桃山
27,54,伏见桃山
23,756,伏见桃山
26,83,伏见桃山
22,172,伏见桃山
26,54,伏见桃山
18,127,伏见桃山
20,403,伏见桃山
20,292,伏见桃山
24,20,伏见桃山
24,7,伏见桃山
21,21,伏见桃山
21,383,伏见桃山
19,105,伏见桃山
20,45,伏见桃山
18,47,伏见桃山
18,25,伏见桃山
19,24,伏见桃山
20,201,伏见桃山
18,136,伏见桃山
23,37,伏见桃山
28,14,伏见桃山
26,40,伏见桃山
30,12,伏见桃山
29,30,伏见桃山
26,13,伏见桃山
18,14,伏见桃山
21,11,伏见桃山
22,31,伏见桃山
26,14,伏见桃山
23,14,伏见桃山
24,45,伏见桃山
24,12,伏见桃山
23,20,伏见桃山
22,59,茶憩
22,14,茶憩
13,170,茶憩
20,10,茶憩
20,43,茶憩
22,20,茶憩
24,28,茶憩
12,10,茶憩
26,54,茶憩
22,47,茶憩
21,25,茶憩
26,43,茶憩
21,6,茶憩
20,17,茶憩
20,13,茶憩
22,22,茶憩
25,4,茶憩
25,3,茶憩
20,175,茶憩
20,167,茶憩
24,938,茶憩
24,1128,茶憩
20,75,茶憩
20,54,茶憩
20,96,茶憩
20,51,茶憩
24,21,茶憩
24,10,茶憩
24,6,茶憩
24,10,茶憩
20,43,茶憩
20,48,茶憩
22,368,茶憩
22,359,茶憩
20,83,茶憩
20,206,茶憩
20,25,茶憩
20,66,茶憩
26,18,茶憩
26,8,茶憩
26,12,茶憩
26,8,茶憩
22,1,茶憩
22,16,茶憩
22,11,茶憩
22,16,茶憩
16,30,大头儿子鲜奶吧
13,14,大头儿子鲜奶吧
13,4,大头儿子鲜奶吧
13,12,大头儿子鲜奶吧
12,13,大头儿子鲜奶吧
13,0,大头儿子鲜奶吧
17,2,大头儿子鲜奶吧
14,3,大头儿子鲜奶吧
10,25,大头儿子鲜奶吧
14,15,大头儿子鲜奶吧
15,9,大头儿子鲜奶吧
12,12,大头儿子鲜奶吧
20,4,大头儿子鲜奶吧
20,28,大头儿子鲜奶吧
20,3,大头儿子鲜奶吧
15,7,大头儿子鲜奶吧
18,4,大头儿子鲜奶吧
18,1,大头儿子鲜奶吧
17,282,茶主播
17,158,茶主播
14,13,茶主播
15,116,茶主播
15,91,茶主播
11,53,茶主播
14,29,茶主播
13,42,茶主播
15,34,茶主播
15,22,茶主播
14,27,茶主播
13,25,茶主播
13,23,茶主播
14,13,茶主播
14,13,茶主播
13,13,茶主播
13,4,茶主播
13,7,茶主播
14,3,茶主播
14,7,茶主播
18,6,茶主播
14,2,茶主播
20,38,茶主播
18,11,茶主播
19,24,茶主播
19,16,茶主播
19,3,茶主播
19,5,茶主播
19,4,茶主播
19,1,茶主播
19,5,茶主播
24,507,茶主播
23,86,茶主播
21,42,茶主播
19,12,茶主播
22,41,茶主播
20,49,茶主播
18,23,茶主播
22,20,茶主播
13,36,茶主播
14,17,茶主播
24,26,茶主播
20,41,茶主播
20,41,茶主播
20,14,茶主播
15,14,茶主播
15,18,茶主播
17,36,茶主播
17,18,茶主播
17,31,茶主播
20,4,茶主播
24,10,茶主播
22,56,茶主播
20,21,茶主播
22,18,茶主播
22,8,茶主播
24,5,茶主播
20,74,茶主播
20,20,茶主播
20,17,茶主播
20,13,茶主播
18,8,快乐柠檬
20,3,快乐柠檬
15,4,快乐柠檬
20,20,快乐柠檬
15,11,快乐柠檬
16,34,快乐柠檬
16,8,快乐柠檬
17,4,快乐柠檬
12,7,快乐柠檬
13,10,快乐柠檬
17,3,快乐柠檬
13,17,快乐柠檬
11,10,快乐柠檬
12,10,快乐柠檬
12,2,快乐柠檬
16,5,快乐柠檬
16,2,快乐柠檬
17,1,快乐柠檬
8,0,快乐柠檬
9,2,快乐柠檬
9,1,快乐柠檬
12,0,快乐柠檬
13,0,快乐柠檬
13,1,快乐柠檬
19,0,快乐柠檬
20,0,快乐柠檬
15,0,快乐柠檬
18,0,快乐柠檬
23,6,快乐柠檬
22,1,快乐柠檬
26,4,快乐柠檬
19,1,快乐柠檬
23,0,快乐柠檬
13,0,快乐柠檬
23,0,快乐柠檬
13,11,快乐柠檬
13,12,快乐柠檬
14,27,快乐柠檬
16,12,快乐柠檬
17,5,快乐柠檬
15,5,快乐柠檬
17,7,快乐柠檬
10,7,快乐柠檬
11,16,快乐柠檬
13,8,快乐柠檬
13,1,快乐柠檬
12,6,快乐柠檬
13,7,快乐柠檬
16,1,快乐柠檬
16,4,快乐柠檬
17,7,快乐柠檬
18,3,快乐柠檬
13,1,快乐柠檬
13,2,快乐柠檬
14,2,快乐柠檬
15,0,快乐柠檬
19,1,快乐柠檬
20,1,快乐柠檬
10,0,快乐柠檬
10,0,快乐柠檬
14,0,快乐柠檬
15,3,快乐柠檬
7,2,快乐柠檬
7,0,快乐柠檬
24,111,7分甜甲
21,50,7分甜甲
25,54,7分甜甲
22,1,7分甜甲
27,3,7分甜甲
24,9,7分甜甲
25,1,7分甜甲
22,2,7分甜甲
19,45,7分甜甲
16,8,7分甜甲
18,14,7分甜甲
15,3,7分甜甲
21,21,7分甜甲
18,5,7分甜甲
24,2,7分甜甲
21,3,7分甜甲
9,4,7分甜甲
27,1,7分甜甲
24,0,7分甜甲
26,0,7分甜甲
24,0,7分甜甲
21,0,7分甜甲
26,4,7分甜甲
27,2,7分甜甲
24,2,7分甜甲
27,1,7分甜甲
24,0,7分甜甲
26,0,7分甜甲
24,2,7分甜甲
21,2,7分甜甲
29,0,7分甜甲
26,1,7分甜甲
24,5,7分甜甲
21,2,7分甜甲
26,1,7分甜甲
17,8,7分甜甲
14,4,7分甜甲
18,1,7分甜甲
15,4,7分甜甲
18,7,7分甜甲
15,5,7分甜甲
18,17,7分甜甲
15,0,7分甜甲
28,0,7分甜甲
25,3,7分甜甲
27,0,7分甜甲
24,0,7分甜甲
26,0,7分甜甲
28,1,7分甜甲
25,0,7分甜甲
18,2,7分甜甲
24,1154,7分甜乙
21,374,7分甜乙
25,55,7分甜乙
22,16,7分甜乙
27,57,7分甜乙
24,13,7分甜乙
27,16,7分甜乙
24,10,7分甜乙
19,87,7分甜乙
16,119,7分甜乙
19,45,7分甜乙
16,27,7分甜乙
22,16,7分甜乙
19,18,7分甜乙
18,32,7分甜乙
15,24,7分甜乙
19,57,7分甜乙
16,41,7分甜乙
24,29,7分甜乙
21,50,7分甜乙
25,22,7分甜乙
22,13,7分甜乙
19,504,7分甜乙
16,201,7分甜乙
18,159,7分甜乙
15,73,7分甜乙
21,110,7分甜乙
18,34,7分甜乙
24,25,7分甜乙
21,7,7分甜乙
27,4,7分甜乙
24,6,7分甜乙
26,7,7分甜乙
24,3,7分甜乙
21,0,7分甜乙
26,40,7分甜乙
27,43,7分甜乙
24,25,7分甜乙
27,33,7分甜乙
24,18,7分甜乙
24,47,7分甜乙
21,17,7分甜乙
17,62,7分甜乙
14,32,7分甜乙
18,21,7分甜乙
15,26,7分甜乙
18,17,7分甜乙
15,10,7分甜乙
18,20,7分甜乙
15,10,7分甜乙
24,11,7分甜乙
21,12,7分甜乙
27,1,7分甜乙
20,6,TPLUS茶家
23,2,TPLUS茶家
12,5,TPLUS茶家
19,0,TPLUS茶家
23,0,TPLUS茶家
25,4,TPLUS茶家
13,10,TPLUS茶家
17,11,TPLUS茶家
20,6,TPLUS茶家
26,5,TPLUS茶家
13,5,TPLUS茶家
16,25,TPLUS茶家
12,1,TPLUS茶家
15,4,TPLUS茶家
14,0,TPLUS茶家
17,0,TPLUS茶家
12,0,TPLUS茶家
15,0,TPLUS茶家
15,0,TPLUS茶家
18,0,TPLUS茶家
15,1,TPLUS茶家
18,4,TPLUS茶家
23,3,TPLUS茶家
19,4,TPLUS茶家
22,1,TPLUS茶家
22,3,TPLUS茶家
22,6,TPLUS茶家
22,1,TPLUS茶家
22,1,TPLUS茶家
22,0,TPLUS茶家
26,4,TPLUS茶家
14,4,TPLUS茶家
11,2,TPLUS茶家
17,1,TPLUS茶家
26,1,TPLUS茶家
15,1,TPLUS茶家
18,4,TPLUS茶家
17,2,TPLUS茶家
17,2,TPLUS茶家
17,18,TPLUS茶家
21,1,TPLUS茶家
27,0,TPLUS茶家
18,2,TPLUS茶家
20,2,TPLUS茶家
20,2,TPLUS茶家
26,0,TPLUS茶家
25,3,TPLUS茶家
19,10,TPLUS茶家
23,4,TPLUS茶家
17,2,TPLUS茶家
21,0,TPLUS茶家
15,3,TPLUS茶家
13,2,TPLUS茶家
16,1,TPLUS茶家
8,2,TPLUS茶家
11,2,TPLUS茶家
12,0,TPLUS茶家
15,1,TPLUS茶家
13,1,TPLUS茶家
16,0,TPLUS茶家
14,1,TPLUS茶家
17,1,TPLUS茶家
14,1,TPLUS茶家
17,1,TPLUS茶家
16,4,TPLUS茶家
22,1,TPLUS茶家
24,0,TPLUS茶家
16,24,TPLUS茶家
20,21,TPLUS茶家
17,2,TPLUS茶家
21,2,TPLUS茶家
18,1,TPLUS茶家
22,2,TPLUS茶家
18,3,TPLUS茶家
22,3,TPLUS茶家
18,5,TPLUS茶家
22,24,TPLUS茶家
21,7,TPLUS茶家
27,2,TPLUS茶家
19,5,TPLUS茶家
23,0,TPLUS茶家
22,0,TPLUS茶家
28,0,TPLUS茶家
23,5,TPLUS茶家
28,0,TPLUS茶家
11,7,TPLUS茶家
14,1,TPLUS茶家
11,2,TPLUS茶家
14,23,TPLUS茶家
11,0,TPLUS茶家
14,4,TPLUS茶家
13,3,TPLUS茶家
16,0,TPLUS茶家
14,9,TPLUS茶家
17,6,TPLUS茶家
14,6,TPLUS茶家
17,4,TPLUS茶家
15,5,TPLUS茶家
18,3,TPLUS茶家
13,0,TPLUS茶家
16,9,TPLUS茶家
16,7,TPLUS茶家
19,4,TPLUS茶家
15,2,TPLUS茶家
19,6,TPLUS茶家
15,2,TPLUS茶家
19,4,TPLUS茶家
19,5,TPLUS茶家
23,0,TPLUS茶家
19,5,TPLUS茶家
23,5,TPLUS茶家
20,1,TPLUS茶家
15,21,米芝莲
15,6,米芝莲
16,105,米芝莲
18,0,米芝莲
24,22,米芝莲
22,5,米芝莲
16,86,米芝莲
15,3,米芝莲
15,2,米芝莲
18,2,米芝莲
19,13,米芝莲
19,1,米芝莲
19,0,米芝莲
14,7,米芝莲
18,8,米芝莲
14,2,米芝莲
24,13,老虎堂
24,26,老虎堂
24,177,老虎堂
24,26,老虎堂
24,36,老虎堂
26,4,老虎堂
26,35,老虎堂
26,12,老虎堂
24,18,老虎堂
26,0,老虎堂
21,2,老虎堂
21,1,老虎堂
21,1,老虎堂
21,2,老虎堂
19,3,老虎堂
19,1,老虎堂
28,22,老虎堂
27,3,老虎堂
20,0,老虎堂
24,9,老虎堂
26,0,老虎堂
20,7,老虎堂
26,1,老虎堂
22,3,老虎堂
18,7,老虎堂
22,2,老虎堂
26,2,老虎堂
28,3,老虎堂
24,4,老虎堂
18,0,老虎堂
18,0,老虎堂
18,0,老虎堂
18,2,老虎堂
15,0,老虎堂
15,0,老虎堂
25,27,嗨极乐茶
19,92,嗨极乐茶
20,22,嗨极乐茶
17,5,嗨极乐茶
21,24,嗨极乐茶
19,8,嗨极乐茶
27,5,嗨极乐茶
27,3,嗨极乐茶
27,3,嗨极乐茶
25,2,嗨极乐茶
22,0,嗨极乐茶
22,2,嗨极乐茶
19,1,嗨极乐茶
22,0,嗨极乐茶
24,0,嗨极乐茶
25,1,嗨极乐茶
22,4,嗨极乐茶
22,3,嗨极乐茶
26,2,嗨极乐茶
22,0,嗨极乐茶
23,0,嗨极乐茶
23,1,嗨极乐茶
22,1,嗨极乐茶
23,2,嗨极乐茶
22,0,嗨极乐茶
22,0,嗨极乐茶
25,0,嗨极乐茶
25,1,嗨极乐茶
25,0,嗨极乐茶
26,1,嗨极乐茶
25,1,嗨极乐茶
23,3,嗨极乐茶
20,3,嗨极乐茶
20,5,嗨极乐茶
16,14,嗨极乐茶
22,6,嗨极乐茶
17,8,嗨极乐茶
19,6,嗨极乐茶
15,2,嗨极乐茶
17,4,嗨极乐茶
19,6,嗨极乐茶
18,12,嗨极乐茶
19,2,嗨极乐茶
18,6,嗨极乐茶
19,0,嗨极乐茶
23,3,嗨极乐茶
23,3,嗨极乐茶
23,2,嗨极乐茶
16,9,嗨极乐茶
24,1,嗨极乐茶
21,1,嗨极乐茶
25,2,嗨极乐茶
25,1,嗨极乐茶
29,3,嗨极乐茶
25,1,嗨极乐茶
24,1,嗨极乐茶
18,8,嗨极乐茶
25,0,嗨极乐茶
27,3,嗨极乐茶
23,0,嗨极乐茶
23,4,嗨极乐茶
23,1,嗨极乐茶
23,0,嗨极乐茶
21,1,嗨极乐茶
22,1,嗨极乐茶
22,1,嗨极乐茶
22,2,嗨极乐茶
27,0,嗨极乐茶
23,1,嗨极乐茶
23,0,嗨极乐茶
21,0,嗨极乐茶
27,2,嗨极乐茶
24,0,嗨极乐茶
23,1,嗨极乐茶
27,1,嗨极乐茶
23,0,嗨极乐茶
18,13,嗨极乐茶
27,1,嗨极乐茶
25,1,嗨极乐茶
27,0,嗨极乐茶
25,0,嗨极乐茶
27,2,嗨极乐茶
25,3,嗨极乐茶
23,3,嗨极乐茶
21,1,嗨极乐茶
27,2,嗨极乐茶
24,0,嗨极乐茶
27,1,嗨极乐茶
25,1,嗨极乐茶
24,0,嗨极乐茶
27,1,嗨极乐茶
23,1,嗨极乐茶
20,2,嗨极乐茶
27,2,嗨极乐茶
18,0,嗨极乐茶
21,0,嗨极乐茶
21,0,嗨极乐茶
27,1,嗨极乐茶
17,1,嗨极乐茶
16,0,嗨极乐茶
16,0,嗨极乐茶
17,0,嗨极乐茶
16,2,嗨极乐茶
16,0,嗨极乐茶
14,14,世界茶饮
20,144,世界茶饮
20,25,世界茶饮
20,10,世界茶饮
18,57,世界茶饮
12,3,世界茶饮
18,19,世界茶饮
12,2,世界茶饮
18,2,世界茶饮
12,1,世界茶饮
12,5,世界茶饮
12,1,世界茶饮
12,0,世界茶饮
12,4,世界茶饮
12,3,世界茶饮
12,5,世界茶饮
12,38,世界茶饮
12,2,世界茶饮
12,2,世界茶饮
15,4,世界茶饮
15,2,世界茶饮
15,0,世界茶饮
18,2,世界茶饮
12,1,世界茶饮
18,6,世界茶饮
12,2,世界茶饮
18,2,世界茶饮
12,0,世界茶饮
12,0,世界茶饮
25,4,世界茶饮
12,2,世界茶饮
20,9,世界茶饮
12,7,世界茶饮
15,0,世界茶饮
12,0,世界茶饮
12,1,世界茶饮
18,2,世界茶饮
18,2,世界茶饮
18,0,世界茶饮
18,1,世界茶饮
18,1,世界茶饮
18,0,世界茶饮
18,0,世界茶饮
18,17,世界茶饮
15,9,世界茶饮
25,63,世界茶饮
20,24,世界茶饮
20,30,世界茶饮
20,38,世界茶饮
20,8,世界茶饮
20,1,世界茶饮
18,2,世界茶饮
18,1,世界茶饮
18,2,世界茶饮
18,1,世界茶饮
10,5,世界茶饮
18,4,世界茶饮
18,9,世界茶饮
18,0,世界茶饮
18,0,世界茶饮
18,3,世界茶饮
18,1,世界茶饮
18,1,世界茶饮
16,0,世界茶饮
15,1,世界茶饮
15,1,世界茶饮
15,0,世界茶饮
15,2,世界茶饮
15,1,世界茶饮
15,0,世界茶饮
15,3,世界茶饮
25,13,世界茶饮